GENE,PSEUDO,NTS_5,NTS_3
NMV_0001,false,0,0
NMV_0002,false,0,0
NMV_0003,false,0,0
NMV_0004,false,0,0
NMV_0005,false,0,0
NMV_0006,false,0,0
NMV_0007,false,0,0
NMV_0008,false,0,0
NMV_0010,false,0,0
NMV_0011,false,0,0
NMV_0012,false,0,0
NMV_0013,false,0,5
NMV_0014,false,0,5
NMV_0015,false,0,9
NMV_0016,false,0,12
NMV_0017,false,5,16
NMV_0019,false,9,13
NMV_0022,true,14,5
NMV_0023,true,14,3
NMV_0024,true,16,1
NMV_0024.1,true,15,1
NMV_0025,true,13,0
NMV_0026,false,13,0
NMV_0027,false,13,0
NMV_0028,false,13,0
NMV_0029,false,9,0
NMV_0030,false,1,0
NMV_0031,false,0,0
NMV_0032,false,0,0
NMV_0033,false,0,0
NMV_0034,false,0,0
NMV_0035,false,0,0
NMV_0036,false,0,0
NMV_0037,false,0,0
NMV_0038,false,0,0
NMV_0039,false,0,2
NMV_0040,false,0,10
NMV_0041,false,0,14
NMV_0042,false,0,14
NMV_0043,false,0,14
NMV_0044,false,2,14
NMV_0045,false,14,13
NMV_0046,false,13,0
NMV_0047,false,13,0
NMV_0048,false,6,0
NMV_0049,false,0,0
NMV_0050,false,0,0
NMV_0051,false,0,0
NMV_0052,false,0,0
NMV_0057,false,0,0
NMV_0058,false,0,0
NMV_0059,false,0,0
NMV_0060,false,0,0
NMV_0061,false,0,0
NMV_0062,false,0,0
NMV_0063,false,0,0
NMV_0065,false,0,0
NMV_0066,false,0,0
NMV_0067,false,0,0
NMV_0069,false,0,0
NMV_0070,false,0,0
NMV_0071,false,0,0
NMV_0072,false,0,0
NMV_0073,false,0,0
NMV_0074,false,0,0
NMV_0075,false,0,0
NMV_0076,false,0,0
NMV_0078,true,0,0
NMV_0080,true,0,0
NMV_0081,true,0,0
NMV_0082,true,0,0
NMV_0083,false,0,0
NMV_0084,false,0,0
NMV_0085,false,0,0
NMV_0086,false,0,0
NMV_0087,false,0,0
NMV_0088,false,0,0
NMV_0089,false,0,0
NMV_0090,false,0,0
NMV_0091,false,0,0
NMV_0092,false,0,0
NMV_0093,false,0,0
NMV_0094,true,0,0
NMV_0095,true,0,0
NMV_0097,false,0,0
NMV_0099,false,0,0
NMV_0102,false,0,0
NMV_0104,false,0,0
NMV_0105,true,0,0
NMV_0106,true,0,0
NMV_0107,false,0,0
NMV_0109,true,0,0
NMV_0110,true,0,0
NMV_0111,false,0,0
NMV_0112,false,0,0
NMV_0113,false,0,0
NMV_0114,false,0,0
NMV_0115,false,0,0
NMV_0116,false,0,0
NMV_0117,false,0,0
NMV_0118,false,0,0
NMV_0119,false,0,0
NMV_0120,false,0,0
NMV_0121,false,0,0
NMV_0122,false,0,0
NMV_0123,false,0,0
NMV_0124,false,0,0
NMV_0125,false,0,0
NMV_0126,false,0,0
NMV_0127,false,0,0
NMV_0128,false,0,0
NMV_0129,false,0,0
NMV_0130,false,0,0
NMV_0131,false,0,0
NMV_0132,false,0,0
NMV_0133,false,0,0
NMV_0134,false,0,0
NMV_0135,false,0,0
NMV_0136,false,0,0
NMV_0137,false,0,0
NMV_0138,false,0,0
NMV_0139,false,0,0
NMV_0141,false,0,0
NMV_0142,false,0,0
NMV_0143,false,0,0
NMV_0144,false,0,0
NMV_0146,false,0,0
NMV_0147,false,0,0
NMV_0149,false,0,0
NMV_0150,false,0,0
NMV_0151,false,0,0
NMV_0152,false,0,0
NMV_0153,false,0,0
NMV_0154,true,0,0
NMV_0155,false,0,0
NMV_0156,false,0,0
NMV_0157,false,0,0
NMV_0158,false,0,0
NMV_0159,false,0,0
NMV_0161,false,0,0
NMV_0162,false,0,0
NMV_0163,false,0,0
NMV_0164,false,0,0
NMV_0165,false,0,0
NMV_0166,false,0,0
NMV_0167,false,0,0
NMV_0169,false,0,0
NMV_0170,false,0,0
NMV_0171,false,0,0
NMV_0172,false,0,0
NMV_0173,false,0,0
NMV_0174,false,0,0
NMV_0175,false,0,0
NMV_0176,false,0,0
NMV_0177,false,0,0
NMV_0178,false,0,0
NMV_0178.1,false,0,0
NMV_0179,false,0,0
NMV_0180,false,0,0
NMV_0181,false,0,0
NMV_0182,false,0,0
NMV_0183,false,0,0
NMV_0185,false,0,0
NMV_0186,false,0,0
NMV_0187,false,0,0
NMV_0188,false,0,0
NMV_0190,false,0,0
NMV_0191,false,0,0
NMV_0193,false,0,0
NMV_0194,false,0,0
NMV_0195,false,0,0
NMV_0196,false,0,0
NMV_0197,false,0,0
NMV_0198,false,0,0
NMV_0199,false,0,0
NMV_0200,false,0,0
NMV_0201,false,0,0
NMV_0202,false,0,0
NMV_0203,false,0,2
NMV_0204,false,0,2
NMV_0205,false,0,2
NMV_0206,false,0,2
NMV_0207,false,0,2
NMV_0208,false,0,2
NMV_0209,false,2,2
NMV_0210,false,2,4
NMV_0211,false,2,4
NMV_0212,false,2,4
NMV_0213,false,3,1
NMV_0215,false,4,0
NMV_0217,false,2,0
NMV_0218,false,1,0
NMV_0219,false,0,0
NMV_0220,false,0,0
NMV_0221,false,0,0
NMV_0222,false,0,0
NMV_0223,false,0,0
NMV_0224,false,0,0
NMV_0226,false,0,0
NMV_0227,false,0,0
NMV_0228,false,0,0
NMV_0229,true,0,0
NMV_0231,false,0,0
NMV_0232,false,0,6
NMV_0233,false,0,12
NMV_0234,false,0,12
NMV_0235,false,3,14
NMV_0236,false,12,5
NMV_0237,true,12,5
NMV_0237.1,true,12,5
NMV_0238,true,14,0
NMV_0239,true,12,0
NMV_0240,false,5,0
NMV_0241,false,5,0
NMV_0242,false,3,0
NMV_0243,false,0,0
NMV_0244,false,0,0
NMV_0246,false,0,0
NMV_0247,false,0,0
NMV_0248,false,0,0
NMV_0249,false,0,0
NMV_0250,false,0,0
NMV_0252,false,0,0
NMV_0254,false,0,0
NMV_0255,false,0,0
NMV_0256,false,0,2
NMV_0257,false,0,2
NMV_0258,false,0,2
NMV_0259,false,0,2
NMV_0260,false,2,0
NMV_0261,false,2,0
NMV_0263,false,2,0
NMV_0264,true,2,0
NMV_0265,false,2,0
NMV_0266,false,2,2
NMV_0267,false,2,2
NMV_0268,false,0,2
NMV_0269,false,0,2
NMV_0270,false,0,2
NMV_0271,false,0,2
NMV_0272,false,2,0
NMV_0273,false,2,0
NMV_0274,false,2,0
NMV_0275,false,2,0
NMV_0276,false,0,0
NMV_0277,false,0,0
NMV_0278,false,0,0
NMV_0279,false,0,0
NMV_0280,false,0,0
NMV_0281,false,0,0
NMV_0282,false,0,0
NMV_0283,false,0,0
NMV_0284,false,0,0
NMV_0285,false,0,0
NMV_0286,false,0,0
NMV_0287,false,0,0
NMV_0288,false,0,0
NMV_0289,false,0,0
NMV_0290,false,0,0
NMV_0291,false,0,0
NMV_0292,false,0,0
NMV_0293,false,0,0
NMV_0294,false,0,0
NMV_0295,false,0,0
NMV_0296,false,0,0
NMV_0298,false,0,0
NMV_0299,false,0,0
NMV_0300,false,0,0
NMV_0301,false,0,0
NMV_0302,false,0,0
NMV_0303,false,0,0
NMV_0304,false,0,2
NMV_0305,false,0,6
NMV_0306,false,0,6
NMV_0307,false,0,6
NMV_0308,false,6,0
NMV_0309,false,6,0
NMV_0310,false,6,0
NMV_0311,false,5,0
NMV_0312,false,0,0
NMV_0313,false,0,0
NMV_0315,false,0,0
NMV_0316,true,0,0
NMV_0318,false,0,0
NMV_0319,false,0,0
NMV_0320,false,0,0
NMV_0321,true,0,0
NMV_0322,false,0,0
NMV_0323,false,0,0
NMV_0325,false,0,0
NMV_0326,false,0,0
NMV_0327,false,0,0
NMV_0328,false,0,0
NMV_0329,false,0,0
NMV_0330,false,0,0
NMV_0333,false,0,0
NMV_0335,false,0,2
NMV_0336,false,0,4
NMV_0337,true,0,6
NMV_0338,true,0,8
NMV_0341,false,0,12
NMV_0342,false,0,12
NMV_0343,false,2,10
NMV_0344,false,2,10
NMV_0345,false,2,10
NMV_0346,false,12,2
NMV_0347,false,10,2
NMV_0348,false,7,2
NMV_0349,false,0,2
NMV_0350,false,2,0
NMV_0351,false,2,0
NMV_0352,false,2,0
NMV_0353,false,2,0
NMV_0355,false,2,0
NMV_0356,false,2,0
NMV_0358,false,0,0
NMV_0359,false,0,0
NMV_0360,false,0,0
NMV_0362,false,0,0
NMV_0363,false,0,0
NMV_0364,false,0,0
NMV_0365,false,0,0
NMV_0366,false,0,0
NMV_0367,false,0,0
NMV_0368,false,0,0
NMV_0369,false,0,0
NMV_0371,false,0,0
NMV_0372,false,0,0
NMV_0373,false,0,0
NMV_0375,false,0,0
NMV_0376,false,0,0
NMV_0377,false,0,0
NMV_0378,false,0,0
NMV_0379,false,0,0
NMV_0380,false,0,0
NMV_0381,false,0,0
NMV_0382,false,0,0
NMV_0383,false,0,0
NMV_0384,false,0,0
NMV_0385,false,0,0
NMV_0386,false,0,0
NMV_0387,false,0,0
NMV_0388,false,0,0
NMV_0389,false,0,0
NMV_0390,false,0,0
NMV_0391,false,0,0
NMV_0392,false,0,0
NMV_0394,false,0,0
NMV_0396,false,0,0
NMV_0398,false,0,0
NMV_0400,false,0,0
NMV_0401,false,0,0
NMV_0402,false,0,0
NMV_0403,false,0,0
NMV_0404,true,0,0
NMV_0405,false,0,0
NMV_0407,false,0,0
NMV_0408,false,0,0
NMV_0409,false,0,0
NMV_0410,false,0,0
NMV_0413,false,0,0
NMV_0414,false,0,0
NMV_0416,false,0,0
NMV_0417,false,0,0
NMV_0418,false,0,0
NMV_0419,false,0,0
NMV_0420,false,0,0
NMV_0421,false,0,0
NMV_0422,false,0,0
NMV_0423,false,0,0
NMV_0424,false,0,0
NMV_0425,false,0,0
NMV_0426,false,0,0
NMV_0427,false,0,0
NMV_0428,false,0,0
NMV_0429,false,0,0
NMV_0430,false,0,0
NMV_0431,false,0,0
NMV_0432,false,0,0
NMV_0433,false,0,0
NMV_0434,false,0,3
NMV_0439,true,0,5
NMV_0440,false,0,5
NMV_0441,false,0,5
NMV_0442,true,0,5
NMV_0443,false,5,0
NMV_0444,false,5,0
NMV_0446,false,0,0
NMV_0447,false,0,0
NMV_0448,false,0,0
NMV_0449,false,0,0
NMV_0450,false,0,0
NMV_0451,false,0,0
NMV_0452,false,0,0
NMV_0453,false,0,0
NMV_0454,false,0,0
NMV_0455,false,0,0
NMV_0456,false,0,0
NMV_0457,false,0,0
NMV_0458,false,0,0
NMV_0459,false,0,0
NMV_0460,false,0,0
NMV_0461,false,0,0
NMV_0462,false,0,0
NMV_0463,false,0,0
NMV_0464,false,0,0
NMV_0465,false,0,0
NMV_0466,false,0,0
NMV_0467,false,0,0
NMV_0468,false,0,0
NMV_0469,false,0,0
NMV_0470,false,0,0
NMV_0472,false,0,0
NMV_0473,false,0,1
NMV_0474,false,0,2
NMV_0475,false,0,3
NMV_0476,false,0,3
NMV_0477,false,2,1
NMV_0478,false,3,0
NMV_0479,false,3,4
NMV_0480,false,3,5
NMV_0481,false,3,5
NMV_0482,false,3,9
NMV_0483,false,1,12
NMV_0484,false,0,19
NMV_0485,true,5,16
NMV_0485.1,true,5,16
NMV_0486,false,9,12
NMV_0488,false,19,2
NMV_0489,false,16,0
NMV_0490,false,12,0
NMV_0491,false,10,0
NMV_0492,false,4,0
NMV_0493,false,2,0
NMV_0494,false,0,0
NMV_0495,false,0,0
NMV_0496,false,0,0
NMV_0497,false,0,0
NMV_0498,false,0,5
NMV_0499,false,0,5
NMV_0500,false,0,9
NMV_0501,false,0,13
NMV_0503,false,0,18
NMV_0504,false,5,22
NMV_0506,false,22,15
NMV_0507,false,17,22
NMV_0508,false,22,0
NMV_0509,false,21,0
NMV_0510,false,18,0
NMV_0511,false,9,0
NMV_0512,false,4,0
NMV_0513,false,0,0
NMV_0514,false,0,0
NMV_0515,false,0,0
NMV_0516,false,0,0
NMV_0517,false,0,0
NMV_0519,false,0,0
NMV_0520,false,0,0
NMV_0521,false,0,0
NMV_0522,false,0,0
NMV_0523,false,0,0
NMV_0524,false,0,0
NMV_0525,false,0,0
NMV_0526,false,0,0
NMV_0527,true,0,0
NMV_0529,false,0,0
NMV_0530,false,0,0
NMV_0531,false,0,0
NMV_0532,false,0,0
NMV_0533,true,0,0
NMV_0534,true,0,0
NMV_0536,false,0,0
NMV_0537,true,0,0
NMV_0538,true,0,0
NMV_0539,true,0,0
NMV_0540,true,0,0
NMV_0541,false,0,0
NMV_0542,true,0,0
NMV_0545,false,0,0
NMV_0546,false,0,0
NMV_0547,true,0,0
NMV_0548,false,0,0
NMV_0549,true,0,0
NMV_0550,false,0,0
NMV_0551,true,0,0
NMV_0553,true,0,0
NMV_0554,false,0,0
NMV_0555,false,0,0
NMV_0556,false,0,0
NMV_0557,false,0,0
NMV_0558,false,0,0
NMV_0559,false,0,0
NMV_0560,true,0,0
NMV_0561,false,0,0
NMV_0562,true,0,0
NMV_0563,false,0,0
NMV_0564,false,0,0
NMV_0565,true,0,0
NMV_0566,false,0,0
NMV_0567,true,0,0
NMV_0568,false,0,0
NMV_0570,false,0,0
NMV_0571,true,0,0
NMV_0572,false,0,0
NMV_0573,true,0,0
NMV_0574,false,0,0
NMV_0576,false,0,0
NMV_0578,false,0,0
NMV_0581,false,0,0
NMV_0582,false,0,0
NMV_0583,false,0,0
NMV_0584,false,0,0
NMV_0585,true,0,0
NMV_0585.1,true,0,0
NMV_0587,false,0,0
NMV_0588,false,0,0
NMV_0590,true,0,0
NMV_0591,false,0,0
NMV_0592,false,0,0
NMV_0594,false,0,0
NMV_0595,true,0,0
NMV_0596,false,0,0
NMV_0597,false,0,0
NMV_0598,false,0,0
NMV_0601,false,0,0
NMV_0602,false,0,0
NMV_0603,false,0,0
NMV_0604,false,0,0
NMV_0605,true,0,0
NMV_0608,false,0,0
NMV_0610,false,0,0
NMV_0611,false,0,0
NMV_0614,false,0,0
NMV_0617,true,0,0
NMV_0618,true,0,0
NMV_0619,true,0,0
NMV_0621,false,0,0
NMV_0622,false,0,0
NMV_0623,false,0,0
NMV_0624,false,0,0
NMV_0625,false,0,0
NMV_0626,true,0,0
NMV_0627,true,0,0
NMV_0628,false,0,0
NMV_0629,false,0,0
NMV_0630,false,0,0
NMV_0632,false,0,0
NMV_0633,false,0,0
NMV_0634,false,0,0
NMV_0636,false,0,0
NMV_0637,false,0,0
NMV_0638,false,0,0
NMV_0640,false,0,0
NMV_0641,false,0,0
NMV_0642,false,0,0
NMV_0643,false,0,0
NMV_0644,false,0,0
NMV_0645,false,0,0
NMV_0646,true,0,0
NMV_0647,false,0,0
NMV_0648,false,0,0
NMV_0649,false,0,0
NMV_0651,false,0,0
NMV_0652,false,0,0
NMV_0653,false,0,0
NMV_0654,false,0,0
NMV_0655,false,0,0
NMV_0656,false,0,0
NMV_0657,false,0,0
NMV_0658,false,0,0
NMV_0659,true,0,0
NMV_0660,false,0,0
NMV_0661,false,0,0
NMV_0663,false,0,0
NMV_0664,true,0,0
NMV_0665,true,0,0
NMV_0666,false,0,0
NMV_0667,false,0,0
NMV_0668,false,0,0
NMV_0669,false,0,0
NMV_0670,false,0,0
NMV_0671,true,0,0
NMV_0672,false,0,0
NMV_0674,false,0,0
NMV_0675,false,0,0
NMV_0676,false,0,0
NMV_0677,false,0,0
NMV_0678,false,0,0
NMV_0679,false,0,0
NMV_0680,false,0,0
NMV_0681,false,0,0
NMV_0682,false,0,0
NMV_0683,false,0,0
NMV_0684,false,0,0
NMV_0685,false,0,0
NMV_0686,false,0,0
NMV_0687,false,0,0
NMV_0688,false,0,0
NMV_0689,false,0,0
NMV_0690,false,0,0
NMV_0691,false,0,0
NMV_0692,false,0,0
NMV_0694,false,0,0
NMV_0696,false,0,0
NMV_0697,false,0,0
NMV_0698,false,0,0
NMV_0699,false,0,0
NMV_0700,false,0,0
NMV_0701,false,0,0
NMV_0702,false,0,0
NMV_0703,false,0,0
NMV_0704,false,0,0
NMV_0705,false,0,0
NMV_0706,false,0,0
NMV_0707,false,0,0
NMV_0709,false,0,0
NMV_0710,false,0,0
NMV_0711,false,0,0
NMV_0712,false,0,0
NMV_0713,false,0,0
NMV_0714,false,0,0
NMV_0715,false,0,0
NMV_0716,false,0,0
NMV_0721,false,0,0
NMV_0722,true,0,0
NMV_0723,false,0,0
NMV_0724,false,0,0
NMV_0726,false,0,2
NMV_0727,false,0,2
NMV_0728,false,0,2
NMV_0729,true,0,2
NMV_0730,false,0,2
NMV_0731,true,0,2
NMV_0732,false,2,0
NMV_0733,false,2,0
NMV_0735,false,2,0
NMV_0736,false,2,0
NMV_0737,false,2,0
NMV_0738,false,0,0
NMV_0739,false,0,0
NMV_0740,false,0,0
NMV_0741,false,0,0
NMV_0742,false,0,0
NMV_0743,false,0,0
NMV_0744,false,0,8
NMV_0745,false,0,11
NMV_0746,false,0,11
NMV_0747,true,0,11
NMV_0747.1,true,0,11
NMV_0748,false,11,0
NMV_0749,true,11,0
NMV_0750,true,11,0
NMV_0752,true,11,0
NMV_0753,true,10,0
NMV_0754,false,0,0
NMV_0755,false,0,3
NMV_0756,false,0,4
NMV_0757,false,0,4
NMV_0758,false,0,4
NMV_0759,false,0,5
NMV_0760,false,0,5
NMV_0761,false,0,5
NMV_0762,true,4,1
NMV_0763,true,4,1
NMV_0765,false,5,0
NMV_0766,false,5,4
NMV_0767,false,3,5
NMV_0768,false,1,5
NMV_0769,false,1,5
NMV_0770,false,0,5
NMV_0771,false,0,5
NMV_0772,false,5,0
NMV_0773,false,5,0
NMV_0774,false,5,0
NMV_0775,false,5,0
NMV_0776,false,0,0
NMV_0777,false,0,0
NMV_0782,false,0,0
NMV_0783,true,0,0
NMV_0784,true,0,0
NMV_0785,false,0,0
NMV_0786,false,0,0
NMV_0787,false,0,0
NMV_0788,false,0,0
NMV_0789,false,0,0
NMV_0791,false,0,0
NMV_0792,false,0,0
NMV_0794,false,0,3
NMV_0795,false,0,3
NMV_0796,false,0,3
NMV_0798,true,0,3
NMV_0799,true,0,3
NMV_0800,false,3,0
NMV_0801,false,3,0
NMV_0802,false,3,0
NMV_0803,false,3,0
NMV_0804,false,3,0
NMV_0805,false,0,0
NMV_0806,false,0,0
NMV_0808,false,0,0
NMV_0809,false,0,0
NMV_0810,false,0,0
NMV_0811,false,0,0
NMV_0813,false,0,0
NMV_0814,true,0,0
NMV_0815,true,0,0
NMV_0816,false,0,0
NMV_0817,false,0,0
NMV_0818,false,0,0
NMV_0819,false,0,0
NMV_0821,false,0,0
NMV_0822,false,0,0
NMV_0823,false,0,0
NMV_0824,false,0,0
NMV_0825,false,0,0
NMV_0826,false,0,0
NMV_0827,false,0,0
NMV_0828,false,0,0
NMV_0829,false,0,0
NMV_0830,false,0,0
NMV_0831,false,0,0
NMV_0832,false,0,0
NMV_0833,false,0,0
NMV_0834,false,0,0
NMV_0835,false,0,0
NMV_0836,false,0,0
NMV_0837,false,0,0
NMV_0838,false,0,0
NMV_0839,false,0,0
NMV_0840,false,0,0
NMV_0841,false,0,0
NMV_0842,false,0,0
NMV_0843,false,0,0
NMV_0844,false,0,3
NMV_0845,false,0,3
NMV_0846,false,0,3
NMV_0847,true,0,3
NMV_0848,false,3,8
NMV_0849,false,3,8
NMV_0850,false,8,0
NMV_0851,false,8,0
NMV_0852,false,8,0
NMV_0853,false,0,0
NMV_0854,false,0,0
NMV_0855,false,0,0
NMV_0856,false,0,0
NMV_0857,false,0,0
NMV_0858,false,0,0
NMV_0859,true,0,0
NMV_0860,true,0,0
NMV_0860.1,true,0,0
NMV_0861,false,0,0
NMV_0862,false,0,0
NMV_0863,false,0,0
NMV_0865,true,0,0
NMV_0866,true,0,0
NMV_0868,false,0,0
NMV_0869,false,0,0
NMV_0870,false,0,0
NMV_0871,false,0,0
NMV_0872,false,0,0
NMV_0873,false,0,0
NMV_0875,false,0,0
NMV_0876,false,0,0
NMV_0877,false,0,0
NMV_0878,false,0,1
NMV_0879,false,0,4
NMV_0880,false,0,4
NMV_0881,false,0,4
NMV_0882,false,0,4
NMV_0883,false,0,4
NMV_0884,false,0,4
NMV_0885,false,4,0
NMV_0886,false,4,0
NMV_0887,false,4,0
NMV_0888,false,0,1
NMV_0889,false,0,5
NMV_0890,false,0,5
NMV_0891,false,0,5
NMV_0892,false,0,5
NMV_0893,false,0,9
NMV_0894,false,5,9
NMV_0895,false,10,0
NMV_0896,false,9,0
NMV_0898,false,9,0
NMV_0899,false,9,0
NMV_0900,false,5,0
NMV_0901,false,0,0
NMV_0902,false,0,0
NMV_0903,false,0,0
NMV_0904,false,0,0
NMV_0905,false,0,0
NMV_0906,false,0,0
NMV_0907,false,0,0
NMV_0908,false,0,0
NMV_0909,false,0,0
NMV_0910,false,0,0
NMV_0911,false,0,0
NMV_0912,false,0,0
NMV_0913,false,0,0
NMV_0914,false,0,8
NMV_0915,false,0,8
NMV_0916,false,0,8
NMV_0917,false,0,15
NMV_0919,false,0,15
NMV_0919.1,true,8,7
NMV_0920,true,8,7
NMV_0921,false,15,0
NMV_0922,true,15,0
NMV_0924,false,15,0
NMV_0925,false,9,0
NMV_0926,false,7,0
NMV_0927,false,0,0
NMV_0928,false,0,0
NMV_0929,false,0,0
NMV_0930,false,0,0
NMV_0931,false,0,0
NMV_0932,false,0,0
NMV_0933,false,0,0
NMV_0934,false,0,0
NMV_0935,true,0,0
NMV_0936,true,0,0
NMV_0937,true,0,0
NMV_0938,false,0,7
NMV_0939,false,0,16
NMV_0940,false,0,16
NMV_0941,false,0,16
NMV_0942,false,16,0
NMV_0943,false,16,0
NMV_0944,false,16,0
NMV_0945,false,2,0
NMV_0946,false,1,0
NMV_0947,false,0,0
NMV_0948,false,0,0
NMV_0949,false,0,0
NMV_0950,false,0,0
NMV_0951,false,0,0
NMV_0953,false,0,2
NMV_0954,false,0,8
NMV_0955,false,0,8
NMV_0956,false,0,8
NMV_0957,false,0,8
NMV_0958,false,8,0
NMV_0959,false,8,0
NMV_0960,false,2,0
NMV_0961,false,0,0
NMV_0962,false,0,0
NMV_0964,true,0,0
NMV_0965,false,0,0
NMV_0967,false,0,0
NMV_0969,false,0,0
NMV_0970,false,0,0
NMV_0971,false,0,0
NMV_0972,false,0,0
NMV_0973,false,0,0
NMV_0974,false,0,0
NMV_0975,false,0,0
NMV_0976,false,0,0
NMV_0979,false,0,0
NMV_0980,false,0,0
NMV_0981,false,0,0
NMV_0982,true,0,0
NMV_0983,false,0,0
NMV_0984,false,0,0
NMV_0985,false,0,0
NMV_0987,true,0,2
NMV_0990,false,0,2
NMV_0992,true,0,2
NMV_0993,true,0,2
NMV_0995,false,2,0
NMV_0996,false,2,0
NMV_0997,false,2,0
NMV_0998,true,2,0
NMV_0999,true,2,0
NMV_1000,false,2,0
NMV_1001,false,2,0
NMV_1002,false,0,0
NMV_1003,false,0,0
NMV_1004,false,0,0
NMV_1005,false,0,0
NMV_1006,false,0,0
NMV_1007,false,0,0
NMV_1009,true,0,0
NMV_1010,true,0,0
NMV_1011,true,0,0
NMV_1012,false,0,0
NMV_1013,false,0,0
NMV_1014,false,0,0
NMV_1015,false,0,0
NMV_1016,false,0,0
NMV_1017,false,0,0
NMV_1018,false,0,0
NMV_1019,false,0,0
NMV_1020,false,0,0
NMV_1021,false,0,0
NMV_1022,true,0,0
NMV_1023,true,0,0
NMV_1024,false,0,0
NMV_1025,false,0,0
NMV_1026,false,0,0
NMV_1027,false,0,0
NMV_1028,false,0,0
NMV_1029,true,0,0
NMV_1029.1,true,0,0
NMV_1030,false,0,1
NMV_1031,false,0,8
NMV_1032,false,0,8
NMV_1033,false,0,8
NMV_1034,false,0,8
NMV_1035,false,0,8
NMV_1036,false,8,0
NMV_1037,false,8,0
NMV_1038,false,8,0
NMV_1039,false,8,0
NMV_1040,false,1,0
NMV_1041,false,0,2
NMV_1042,false,0,2
NMV_1043,false,0,2
NMV_1044,false,0,2
NMV_1045,false,0,2
NMV_1046,false,0,2
NMV_1047,false,2,0
NMV_1048,false,2,0
NMV_1049,false,2,0
NMV_1050,false,2,0
NMV_1051,true,2,0
NMV_1052,true,0,0
NMV_1053,false,0,0
NMV_1054,false,0,0
NMV_1055,false,0,0
NMV_1056,false,0,0
NMV_1058,false,0,0
NMV_1059,false,0,0
NMV_1060,false,0,0
NMV_1061,false,0,0
NMV_1062,false,0,0
NMV_1063,false,0,0
NMV_1064,false,0,0
NMV_1065,false,0,0
NMV_1066,false,0,0
NMV_1067,false,0,0
NMV_1068,false,0,0
NMV_1069,false,0,0
NMV_1070,false,0,0
NMV_1071,false,0,0
NMV_1072,false,0,0
NMV_1073,false,0,0
NMV_1074,false,0,0
NMV_1075,false,0,0
NMV_1076,false,0,0
NMV_1078,false,0,0
NMV_1079,false,0,0
NMV_1080,false,0,0
NMV_1081,false,0,0
NMV_1082,false,0,0
NMV_1083,false,0,0
NMV_1084,false,0,0
NMV_1085,false,0,0
NMV_1086,false,0,0
NMV_1087,false,0,0
NMV_1088,false,0,0
NMV_1089,false,0,0
NMV_1090,false,0,0
NMV_1091,false,0,0
NMV_1092,false,0,0
NMV_1093,false,0,0
NMV_1094,false,0,0
NMV_1095,false,0,0
NMV_1096,false,0,0
NMV_1097,true,0,0
NMV_1097.1,true,0,0
NMV_1098,true,0,0
NMV_1100,false,0,0
NMV_1101,false,0,0
NMV_1102,false,0,0
NMV_1103,false,0,0
NMV_1104,false,0,0
NMV_1105,false,0,0
NMV_1106,false,0,0
NMV_1107,false,0,0
NMV_1108,false,0,0
NMV_1109,false,0,0
NMV_1110,false,0,0
NMV_1111,false,0,0
NMV_1112,false,0,0
NMV_1113,false,0,0
NMV_1114,false,0,0
NMV_1115,false,0,0
NMV_1116,false,0,0
NMV_1118,false,0,0
NMV_1119,false,0,0
NMV_1120,false,0,0
NMV_1121,false,0,0
NMV_1122,false,0,0
NMV_1123,false,0,0
NMV_1124,false,0,0
NMV_1125,false,0,0
NMV_1128,false,0,0
NMV_1129,true,0,0
NMV_1130,true,0,0
NMV_1131,false,0,0
NMV_1132,false,0,0
NMV_1133,false,0,0
NMV_1134,false,0,0
NMV_1135,false,0,0
NMV_1136,false,0,0
NMV_1136.1,true,0,0
NMV_1137,true,0,0
NMV_1138,false,0,0
NMV_1139,false,0,0
NMV_1140,false,0,0
NMV_1141,false,0,0
NMV_1142,false,0,0
NMV_1143,false,0,0
NMV_1144,false,0,0
NMV_1145,false,0,0
NMV_1146,false,0,0
NMV_1147,false,0,0
NMV_1148,false,0,0
NMV_1149,false,0,0
NMV_1150,false,0,0
NMV_1151,false,0,0
NMV_1152,false,0,0
NMV_1153,false,0,0
NMV_1154,false,0,0
NMV_1155,false,0,1
NMV_1156,false,0,1
NMV_1157,false,0,1
NMV_1159,false,1,0
NMV_1160,false,1,0
NMV_1161,false,1,0
NMV_1162,false,1,0
NMV_1163,false,1,0
NMV_1164,false,0,0
NMV_1165,false,0,0
NMV_1166,false,0,0
NMV_1167,false,0,0
NMV_1168,false,0,1
NMV_1169,false,0,1
NMV_1170,false,0,1
NMV_1171,false,1,0
NMV_1172,true,1,0
NMV_1173,true,1,0
NMV_1174,false,1,0
NMV_1175,false,1,0
NMV_1177,false,1,0
NMV_1178,false,0,0
NMV_1179,false,0,0
NMV_1181,false,0,0
NMV_1182,false,0,0
NMV_1183,false,0,0
NMV_1184,false,0,0
NMV_1185,false,0,0
NMV_1186,false,0,0
NMV_1187,false,0,0
NMV_1188,false,0,0
NMV_1189,false,0,0
NMV_1190,false,0,0
NMV_1191,false,0,0
NMV_1193,false,0,0
NMV_1194,false,0,0
NMV_1195,false,0,0
NMV_1196,false,0,0
NMV_1197,false,0,0
NMV_1198,false,0,0
NMV_1199,false,0,0
NMV_1200,false,0,0
NMV_1201,false,0,0
NMV_1202,false,0,0
NMV_1203,false,0,0
NMV_1204,false,0,0
NMV_1205,false,0,0
NMV_1206,false,0,0
NMV_1208,true,0,0
NMV_1209,true,0,0
NMV_1210,true,0,0
NMV_1211,true,0,0
NMV_1212,false,0,0
NMV_1213,false,0,0
NMV_1214,false,0,0
NMV_1215,false,0,0
NMV_1216,false,0,0
NMV_1217,false,0,0
NMV_1218,false,0,0
NMV_1219,false,0,0
NMV_1220,false,0,0
NMV_1222,false,0,0
NMV_1223,false,0,0
NMV_1224,false,0,0
NMV_1225,false,0,0
NMV_1227,false,0,0
NMV_1229,false,0,0
NMV_1231,false,0,0
NMV_1232,false,0,0
NMV_1233,false,0,0
NMV_1234,false,0,0
NMV_1235,false,0,0
NMV_1236,false,0,0
NMV_1237,false,0,0
NMV_1238,false,0,0
NMV_1239,false,0,0
NMV_1240,false,0,0
NMV_1241,false,0,0
NMV_1243,false,0,0
NMV_1245,false,0,0
NMV_1246,false,0,0
NMV_1247,false,0,0
NMV_1248,false,0,0
NMV_1249,false,0,0
NMV_1250,false,0,0
NMV_1253,false,0,0
NMV_1254,false,0,0
NMV_1255,false,0,0
NMV_1256,false,0,0
NMV_1257,true,0,0
NMV_1258,true,0,0
NMV_1259,false,0,0
NMV_1260,false,0,0
NMV_1261,false,0,0
NMV_1262,false,0,0
NMV_1263,false,0,0
NMV_1264,false,0,4
NMV_1265,false,0,4
NMV_1266,false,0,4
NMV_1267,true,0,4
NMV_1268,false,0,4
NMV_1269,false,0,4
NMV_1270,false,0,4
NMV_1271,false,0,4
NMV_1272,false,0,4
NMV_1273,false,4,0
NMV_1274,false,4,0
NMV_1275,false,4,0
NMV_1276,true,4,0
NMV_1277,true,4,0
NMV_1278,false,4,0
NMV_1279,false,2,0
NMV_1280,false,0,0
NMV_1281,false,0,0
NMV_1282,false,0,0
NMV_1283,false,0,0
NMV_1284,false,0,0
NMV_1285,false,0,0
NMV_1286,false,0,0
NMV_1287,false,0,0
NMV_1288,false,0,0
NMV_1289,false,0,0
NMV_1290,false,0,0
NMV_1291,false,0,0
NMV_1292,false,0,0
NMV_1294,false,0,0
NMV_1295,false,0,0
NMV_1296,false,0,0
NMV_1297,false,0,0
NMV_1298,false,0,0
NMV_1299,false,0,0
NMV_1300,false,0,0
NMV_1301,false,0,0
NMV_1302,false,0,0
NMV_1303,false,0,0
NMV_1304,false,0,0
NMV_1305,false,0,0
NMV_1307,false,0,0
NMV_1308,false,0,0
NMV_1309,false,0,0
NMV_1310,false,0,1
NMV_1312,true,0,2
NMV_1313,false,0,3
NMV_1315,true,0,3
NMV_1316,false,0,3
NMV_1317,false,0,3
NMV_1318,false,0,3
NMV_1319,false,3,0
NMV_1320,false,3,0
NMV_1321,false,3,0
NMV_1322,false,3,0
NMV_1323,false,3,0
NMV_1324,false,0,0
NMV_1325,false,0,0
NMV_1326,false,0,0
NMV_1327,false,0,0
NMV_1328,false,0,0
NMV_1329,false,0,0
NMV_1330,false,0,0
NMV_1331,false,0,0
NMV_1332,false,0,0
NMV_1333,false,0,0
NMV_1334,false,0,0
NMV_1335,false,0,0
NMV_1336,false,0,0
NMV_1338,true,0,0
NMV_1339,true,0,0
NMV_1340,false,0,0
NMV_1341,false,0,0
NMV_1343,false,0,0
NMV_1344,false,0,0
NMV_1345,false,0,0
NMV_1346,false,0,0
NMV_1347,false,0,0
NMV_1348,false,0,0
NMV_1349,false,0,0
NMV_1350,false,0,0
NMV_1351,false,0,0
NMV_1353,false,0,0
NMV_1355,false,0,0
NMV_1356,false,0,0
NMV_1357,false,0,0
NMV_1358,false,0,0
NMV_1359,false,0,0
NMV_1360,false,0,0
NMV_1361,false,0,0
NMV_1363,false,0,0
NMV_1364,false,0,0
NMV_1366,false,0,0
NMV_1367,false,0,0
NMV_1368,true,0,0
NMV_1369,true,0,0
NMV_1370,false,0,0
NMV_1371,false,0,0
NMV_1372,false,0,0
NMV_1373,false,0,0
NMV_1374,false,0,0
NMV_1375,false,0,0
NMV_1376,false,0,0
NMV_1377,false,0,1
NMV_1378,false,0,13
NMV_1379,false,0,18
NMV_1380,false,0,18
NMV_1381,true,0,18
NMV_1382,true,0,18
NMV_1383,true,1,17
NMV_1384,false,18,0
NMV_1385,false,18,0
NMV_1386,false,17,0
NMV_1387,false,15,0
NMV_1388,false,12,0
NMV_1389,false,10,0
NMV_1390,false,7,0
NMV_1391,false,3,0
NMV_1392,false,1,0
NMV_1393,false,0,0
NMV_1394,false,0,0
NMV_1395,false,0,0
NMV_1396,false,0,0
NMV_1398,false,0,0
NMV_1399,false,0,0
NMV_1400,false,0,0
NMV_1401,false,0,0
NMV_1402,false,0,0
NMV_1403,false,0,0
NMV_1404,false,0,4
NMV_1405,false,0,4
NMV_1406,false,0,4
NMV_1407,false,0,4
NMV_1408,false,0,3
NMV_1409,true,4,0
NMV_1410,false,4,0
NMV_1412,false,4,0
NMV_1413,false,4,0
NMV_1414,false,4,0
NMV_1415,false,4,0
NMV_1416,true,4,0
NMV_1417,true,4,0
NMV_1418,true,4,0
NMV_1419,false,4,0
NMV_1420,false,0,0
NMV_1423,false,0,0
NMV_1425,false,0,0
NMV_1426,false,0,0
NMV_1428,false,0,0
NMV_1429,false,0,0
NMV_1430,false,0,0
NMV_1433,false,0,0
NMV_1434,false,0,0
NMV_1435,false,0,0
NMV_1436,false,0,0
NMV_1438,false,0,0
NMV_1439,false,0,0
NMV_1440,false,0,0
NMV_1441,false,0,0
NMV_1442,false,0,0
NMV_1443,false,0,0
NMV_1444,false,0,0
NMV_1445,false,0,0
NMV_1446,false,0,0
NMV_1448,false,0,0
NMV_1449,false,0,0
NMV_1450,false,0,0
NMV_1451,false,0,0
NMV_1452,false,0,0
NMV_1453,false,0,0
NMV_1455,false,0,0
NMV_1456,false,0,0
NMV_1457,false,0,0
NMV_1458,false,0,0
NMV_1459,false,0,0
NMV_1460,false,0,0
NMV_1461,false,0,0
NMV_1462,false,0,0
NMV_1463,false,0,0
NMV_1464,false,0,0
NMV_1465,false,0,9
NMV_1467,false,0,11
NMV_1468,false,0,14
NMV_1469,false,0,14
NMV_1469.1,true,9,5
NMV_1470,true,9,5
NMV_1471,false,14,0
NMV_1472,false,14,0
NMV_1473,false,14,0
NMV_1474,false,11,0
NMV_1476,false,5,0
NMV_1477,false,0,0
NMV_1478,false,0,0
NMV_1479,false,0,0
NMV_1481,false,0,0
NMV_1482,false,0,0
NMV_1483,false,0,0
NMV_1485,false,0,0
NMV_1486,false,0,0
NMV_1487,false,0,0
NMV_1488,false,0,0
NMV_1489,false,0,0
NMV_1490,false,0,0
NMV_1491,false,0,0
NMV_1492,false,0,0
NMV_1493,false,0,0
NMV_1494,false,0,0
NMV_1495,false,0,0
NMV_1496,false,0,0
NMV_1497,false,0,0
NMV_1499,false,0,0
NMV_1500,false,0,0
NMV_1501,false,0,0
NMV_1502,false,0,0
NMV_1503,false,0,8
NMV_1505,false,0,9
NMV_1506,false,0,9
NMV_1507,false,0,9
NMV_1508,true,0,9
NMV_1509,false,9,0
NMV_1510,false,9,2
NMV_1511,false,9,7
NMV_1512,false,9,9
NMV_1513,false,9,10
NMV_1514,false,7,10
NMV_1515,false,0,11
NMV_1516,false,10,1
NMV_1517,false,10,1
NMV_1519,false,10,1
NMV_1520,false,11,0
NMV_1521,false,7,0
NMV_1522,false,4,0
NMV_1523,false,1,0
NMV_1524,false,0,0
NMV_1525,false,0,0
NMV_1526,false,0,0
NMV_1527,false,0,0
NMV_1529,false,0,0
NMV_1530,false,0,0
NMV_1531,false,0,0
NMV_1532,false,0,0
NMV_1533,false,0,0
NMV_1534,false,0,0
NMV_1535,false,0,0
NMV_1536,false,0,0
NMV_1537,false,0,0
NMV_1539,false,0,0
NMV_1541,false,0,0
NMV_1542,false,0,0
NMV_1543,false,0,0
NMV_1544,false,0,0
NMV_1546,false,0,0
NMV_1547,false,0,0
NMV_1548,false,0,0
NMV_1549,false,0,0
NMV_1550,false,0,0
NMV_1551,false,0,0
NMV_1552,false,0,0
NMV_1553,false,0,0
NMV_1554,false,0,0
NMV_1555,false,0,0
NMV_1556,false,0,0
NMV_1557,false,0,0
NMV_1557.1,true,0,0
NMV_1558,true,0,0
NMV_1559,false,0,0
NMV_1560,false,0,0
NMV_1561,true,0,0
NMV_1562,true,0,0
NMV_1563,true,0,0
NMV_1564,false,0,0
NMV_1565,false,0,0
NMV_1566,false,0,0
NMV_1567,false,0,0
NMV_1568,false,0,0
NMV_1569,false,0,0
NMV_1570,false,0,0
NMV_1572,false,0,0
NMV_1573,false,0,0
NMV_1574,false,0,0
NMV_1575,false,0,2
NMV_1576,false,0,2
NMV_1577,false,0,2
NMV_1578,false,0,2
NMV_1579,false,0,2
NMV_1580,false,2,0
NMV_1581,false,2,0
NMV_1582,false,2,0
NMV_1583,false,2,0
NMV_1584,false,1,0
NMV_1585,false,0,0
NMV_1586,false,0,0
NMV_1588,false,0,0
NMV_1589,false,0,0
NMV_1590,false,0,0
NMV_1591,false,0,0
NMV_1592,false,0,0
NMV_1593,false,0,0
NMV_1594,false,0,0
NMV_1595,false,0,0
NMV_1596,false,0,0
NMV_1597,false,0,0
NMV_1598,false,0,0
NMV_1599,false,0,0
NMV_1600,false,0,0
NMV_1601,false,0,0
NMV_1602,false,0,0
NMV_1603,false,0,0
NMV_1604,false,0,0
NMV_1605,false,0,0
NMV_1606,false,0,0
NMV_1607,false,0,0
NMV_1608,false,0,0
NMV_1609,false,0,0
NMV_1610,false,0,0
NMV_1611,false,0,0
NMV_1612,false,0,0
NMV_1613,false,0,0
NMV_1614,false,0,0
NMV_1615,false,0,0
NMV_1616,false,0,0
NMV_1617,false,0,0
NMV_1618,false,0,0
NMV_1619,false,0,0
NMV_1620,false,0,0
NMV_1621,false,0,0
NMV_1622,false,0,0
NMV_1623,false,0,0
NMV_1624,false,0,0
NMV_1625,false,0,0
NMV_1626,false,0,0
NMV_1627,false,0,0
NMV_1628,false,0,0
NMV_1629,false,0,0
NMV_1630,false,0,0
NMV_1631,false,0,0
NMV_1632,false,0,0
NMV_1633,false,0,0
NMV_1634,false,0,0
NMV_1635,false,0,0
NMV_1636,false,0,0
NMV_1637,false,0,0
NMV_1638,false,0,0
NMV_1640,false,0,0
NMV_1642,false,0,0
NMV_1643,false,0,0
NMV_1644,false,0,0
NMV_1645,false,0,0
NMV_1646,false,0,0
NMV_1647,false,0,0
NMV_1649,false,0,0
NMV_1650,false,0,0
NMV_1651,false,0,0
NMV_1652,false,0,0
NMV_1653,false,0,0
NMV_1654,false,0,0
NMV_1657,false,0,0
NMV_1658,false,0,0
NMV_1659,false,0,0
NMV_1660,false,0,0
NMV_1661,false,0,0
NMV_1662,false,0,0
NMV_1663,false,0,0
NMV_1664,false,0,0
NMV_1665,false,0,0
NMV_1666,false,0,0
NMV_1667,false,0,0
NMV_1669,false,0,0
NMV_1670,false,0,0
NMV_1671,false,0,0
NMV_1672,false,0,0
NMV_1673,false,0,0
NMV_1674,false,0,0
NMV_1675,false,0,0
NMV_1676,false,0,0
NMV_1677,false,0,0
NMV_1678,false,0,0
NMV_1679,false,0,0
NMV_1680,false,0,0
NMV_1681,false,0,0
NMV_1682,false,0,0
NMV_1683,false,0,0
NMV_1684,true,0,0
NMV_1685,true,0,0
NMV_1685.1,true,0,0
NMV_1686,true,0,0
NMV_1687,false,0,0
NMV_1688,false,0,0
NMV_1689,false,0,0
NMV_1690,false,0,0
NMV_1691,false,0,0
NMV_1692,false,0,0
NMV_1693,false,0,0
NMV_1694,false,0,0
NMV_1695,false,0,2
NMV_1696,false,0,4
NMV_1697,false,0,4
NMV_1698,false,0,4
NMV_1699,false,4,0
NMV_1700,false,0,0
NMV_1701,false,0,0
NMV_1702,false,0,0
NMV_1703,false,0,0
NMV_1704,false,0,0
NMV_1705,false,0,0
NMV_1706,false,0,1
NMV_1707,false,0,6
NMV_1708,false,0,6
NMV_1709,false,0,6
NMV_1710,false,0,6
NMV_1711,false,0,7
NMV_1712,false,6,1
NMV_1713,false,6,1
NMV_1714,false,6,1
NMV_1715,false,6,1
NMV_1716,false,6,1
NMV_1717,false,7,0
NMV_1718,false,1,0
NMV_1719,false,1,1
NMV_1720,false,1,1
NMV_1721,false,1,1
NMV_1722,false,1,1
NMV_1723,false,0,1
NMV_1724,false,0,1
NMV_1725,false,0,1
NMV_1726,false,0,1
NMV_1727,false,1,0
NMV_1729,false,1,0
NMV_1730,false,1,0
NMV_1731,false,1,0
NMV_1732,false,1,0
NMV_1733,false,0,0
NMV_1734,false,0,0
NMV_1735,false,0,0
NMV_1737,false,0,0
NMV_1738,false,0,0
NMV_1739,false,0,0
NMV_1740,false,0,0
NMV_1741,false,0,0
NMV_1742,false,0,0
NMV_1743,false,0,0
NMV_1744,false,0,0
NMV_1745,false,0,0
NMV_1746,false,0,0
NMV_1747,false,0,0
NMV_1748,false,0,0
NMV_1749,false,0,0
NMV_1750,false,0,0
NMV_1751,false,0,0
NMV_1752,false,0,0
NMV_1753,true,0,0
NMV_1754,false,0,0
NMV_1755,false,0,0
NMV_1756,false,0,0
NMV_1757,false,0,0
NMV_1759,false,0,0
NMV_1760,false,0,0
NMV_1761,false,0,0
NMV_1762,false,0,0
NMV_1763,false,0,0
NMV_1764,false,0,0
NMV_1765,false,0,0
NMV_1766,false,0,0
NMV_1767,false,0,0
NMV_1768,false,0,0
NMV_1769,false,0,0
NMV_1770,false,0,0
NMV_1771,false,0,0
NMV_1772,false,0,0
NMV_1773,false,0,0
NMV_1774,false,0,0
NMV_1775,false,0,0
NMV_1776,false,0,0
NMV_1777,false,0,0
NMV_1778,false,0,0
NMV_1779,false,0,0
NMV_1780,false,0,0
NMV_1781,false,0,0
NMV_1782,false,0,0
NMV_1783,true,0,0
NMV_1784,false,0,0
NMV_1785,true,0,0
NMV_1786,true,0,0
NMV_1787,false,0,0
NMV_1788,false,0,0
NMV_1789,false,0,0
NMV_1790,false,0,0
NMV_1791,false,0,0
NMV_1792,false,0,2
NMV_1793,false,0,2
NMV_1794,true,0,2
NMV_1795,true,0,2
NMV_1796,true,0,2
NMV_1798,false,2,0
NMV_1799,false,2,0
NMV_1800,false,2,0
NMV_1801,false,2,0
NMV_1802,false,0,0
NMV_1803,false,0,0
NMV_1804,false,0,0
NMV_1805,false,0,0
NMV_1806,false,0,0
NMV_1807,false,0,0
NMV_1808,false,0,0
NMV_1809,false,0,0
NMV_1810,false,0,0
NMV_1811,false,0,0
NMV_1812,false,0,0
NMV_1813,false,0,0
NMV_1814,false,0,0
NMV_1816,false,0,0
NMV_1817,false,0,0
NMV_1818,false,0,0
NMV_1819,false,0,0
NMV_1820,false,0,0
NMV_1821,false,0,0
NMV_1822,false,0,0
NMV_1823,false,0,0
NMV_1824,false,0,0
NMV_1826,false,0,0
NMV_1828,false,0,0
NMV_1830,false,0,0
NMV_1831,false,0,6
NMV_1832,false,0,6
NMV_1833,false,0,6
NMV_1834,false,0,6
NMV_1838,false,0,6
NMV_1839,false,6,0
NMV_1840,false,6,0
NMV_1841,false,6,0
NMV_1842,false,6,0
NMV_1843,true,6,0
NMV_1843.1,true,0,0
NMV_1844,true,0,0
NMV_1845,false,0,0
NMV_1846,false,0,0
NMV_1847,false,0,0
NMV_1848,false,0,0
NMV_1850,false,0,0
NMV_1851,false,0,0
NMV_1852,false,0,0
NMV_1853,false,0,0
NMV_1854,false,0,0
NMV_1855,false,0,0
NMV_1856,false,0,0
NMV_1857,false,0,0
NMV_1858,false,0,0
NMV_1859,false,0,0
NMV_1860,false,0,0
NMV_1862,false,0,0
NMV_1863,false,0,0
NMV_1864,false,0,0
NMV_1865,false,0,2
NMV_1866,false,0,4
NMV_1867,false,0,4
NMV_1868,false,0,4
NMV_1869,false,0,4
NMV_1870,false,0,4
NMV_1871,false,4,0
NMV_1872,true,4,0
NMV_1873,true,4,0
NMV_1874,false,4,0
NMV_1875,false,3,0
NMV_1876,false,0,0
NMV_1877,false,0,0
NMV_1878,false,0,0
NMV_1879,false,0,0
NMV_1880,false,0,0
NMV_1881,false,0,2
NMV_1883,false,0,2
NMV_1884,false,0,2
NMV_1885,false,0,2
NMV_1887,false,0,2
NMV_1888,false,2,0
NMV_1889,false,2,0
NMV_1890,false,2,0
NMV_1891,false,2,0
NMV_1892,false,2,0
NMV_1893,false,0,0
NMV_1894,false,0,0
NMV_1895,false,0,1
NMV_1896,false,0,1
NMV_1897,false,0,1
NMV_1899,false,0,1
NMV_1900,false,0,1
NMV_1901,false,1,0
NMV_1902,false,1,0
NMV_1903,false,1,0
NMV_1904,false,1,0
NMV_1905,true,1,0
NMV_1906,false,1,0
NMV_1908,false,1,0
NMV_1909,false,0,0
NMV_1912,false,0,0
NMV_1914,false,0,0
NMV_1915,true,0,0
NMV_1916,false,0,0
NMV_1917,true,0,0
NMV_1918,false,0,0
NMV_1919,false,0,0
NMV_1920,false,0,0
NMV_1921,true,0,0
NMV_1922,false,0,0
NMV_1923,false,0,0
NMV_1924,true,0,4
NMV_1925,true,0,6
NMV_1926,false,0,6
NMV_1927,false,0,6
NMV_1928,false,0,6
NMV_1929,true,0,6
NMV_1930,true,0,6
NMV_1931,false,0,6
NMV_1932,false,0,6
NMV_1933,false,6,0
NMV_1934,false,6,0
NMV_1935,false,6,0
NMV_1936,false,6,0
NMV_1937,false,2,0
NMV_1938,true,0,0
NMV_1940,false,0,0
NMV_1941,false,0,0
NMV_1942,false,0,0
NMV_1943,true,0,0
NMV_1944,true,0,0
NMV_1945,false,0,0
NMV_1946,false,0,0
NMV_1948,false,0,0
NMV_1949,false,0,0
NMV_1950,false,0,0
NMV_1951,false,0,0
NMV_1952,false,0,0
NMV_1953,false,0,0
NMV_1955,true,0,0
NMV_1956,true,0,0
NMV_1958,true,0,0
NMV_1959,true,0,0
NMV_1960,false,0,0
NMV_1961,false,0,0
NMV_1962,false,0,0
NMV_1963,false,0,0
NMV_1964,false,0,0
NMV_1965,false,0,0
NMV_1966,false,0,0
NMV_1967,false,0,0
NMV_1968,false,0,2
NMV_1969,false,0,2
NMV_1970,false,0,2
NMV_1971,false,0,2
NMV_1972,false,0,8
NMV_1973,false,2,6
NMV_1974,false,2,6
NMV_1975,false,8,0
NMV_1976,false,8,0
NMV_1977,false,6,0
NMV_1978,false,6,0
NMV_1981,false,3,0
NMV_1982,false,0,0
NMV_1983,false,0,0
NMV_1984,false,0,0
NMV_1985,false,0,0
NMV_1986,false,0,0
NMV_1988,false,0,0
NMV_1989,false,0,0
NMV_1990,false,0,0
NMV_1992,false,0,0
NMV_1993,false,0,0
NMV_1994,false,0,0
NMV_1995,false,0,0
NMV_2002,true,0,0
NMV_2003,true,0,0
NMV_2005,false,0,0
NMV_2007,false,0,0
NMV_2009,false,0,0
NMV_2010,false,0,0
NMV_2011,true,0,0
NMV_2012,true,0,0
NMV_2014,false,0,0
NMV_2015,true,0,0
NMV_2016,true,0,0
NMV_2017,false,0,2
NMV_2018,false,0,6
NMV_2019,false,0,6
NMV_2020,false,0,6
NMV_2021,false,0,6
NMV_2022,false,6,3
NMV_2023,false,6,3
NMV_2026,false,6,0
NMV_2027,false,3,0
NMV_2028,false,3,0
NMV_2029,false,2,0
NMV_2030,false,0,3
NMV_2031,false,0,3
NMV_2032,false,0,3
NMV_2033,false,0,3
NMV_2034,false,0,3
NMV_2036,false,0,10
NMV_2037,false,3,12
NMV_2040,false,12,0
NMV_2041,true,12,0
NMV_2042,false,12,0
NMV_2043,false,7,0
NMV_2044,false,3,0
NMV_2045,false,0,0
NMV_2046,false,0,0
NMV_2048,false,0,2
NMV_2050,false,0,2
NMV_2051,false,0,2
NMV_2052,false,0,2
NMV_2053,false,0,2
NMV_2054,false,2,0
NMV_2056,false,2,0
NMV_2057,false,2,0
NMV_2058,false,0,0
NMV_2059,false,0,0
NMV_2060,false,0,0
NMV_2061,false,0,0
NMV_2062,false,0,0
NMV_2063,false,0,0
NMV_2064,false,0,0
NMV_2065,false,0,0
NMV_2066,false,0,0
NMV_2067,false,0,0
NMV_2068,false,0,0
NMV_2069,false,0,0
NMV_2070,false,0,0
NMV_2071,false,0,0
NMV_2072,false,0,0
NMV_2073,false,0,0
NMV_2074,false,0,0
NMV_2075,false,0,0
NMV_2076,false,0,0
NMV_2077,false,0,0
NMV_2078,false,0,0
NMV_2080,true,0,0
NMV_2080.1,true,0,0
NMV_2082,false,0,0
NMV_2083,false,0,0
NMV_2084,false,0,0
NMV_2085,false,0,0
NMV_2086,false,0,0
NMV_2087,true,0,0
NMV_2088,true,0,0
NMV_2089,false,0,0
NMV_2090,false,0,0
NMV_2091,false,0,0
NMV_2092,false,0,0
NMV_2093,false,0,0
NMV_2094,false,0,0
NMV_2095,false,0,0
NMV_2096,false,0,0
NMV_2097,false,0,0
NMV_2098,false,0,0
NMV_2099,false,0,0
NMV_2100,false,0,0
NMV_2101,false,0,0
NMV_2102,false,0,0
NMV_2104,false,0,0
NMV_2105,false,0,0
NMV_2106,false,0,0
NMV_2107,false,0,3
NMV_2108,false,0,3
NMV_2109,false,0,3
NMV_2110,true,0,3
NMV_2111,false,0,7
NMV_2112,true,3,12
NMV_2113,true,3,20
NMV_2114,false,3,20
NMV_2115,false,3,20
NMV_2116,false,3,20
NMV_2117,false,20,0
NMV_2118,false,20,0
NMV_2119,false,20,0
NMV_2120,false,20,0
NMV_2121,false,0,0
NMV_2122,false,0,0
NMV_2123,false,0,0
NMV_2124,false,0,0
NMV_2125,false,0,0
NMV_2126,false,0,0
NMV_2127,false,0,0
NMV_2128,false,0,0
NMV_2129,false,0,0
NMV_2130,false,0,0
NMV_2131,false,0,0
NMV_2134,false,0,0
NMV_2135,false,0,0
NMV_2136,false,0,0
NMV_2137,false,0,0
NMV_2138,false,0,0
NMV_2139,false,0,0
NMV_2140,false,0,0
NMV_2141,false,0,0
NMV_2142,false,0,0
NMV_2143,false,0,0
NMV_2144,false,0,0
NMV_2145,false,0,0
NMV_2146,false,0,0
NMV_2148,false,0,0
NMV_2149,true,0,0
NMV_2150,true,0,0
NMV_2151,false,0,0
NMV_2152,false,0,0
NMV_2153,false,0,0
NMV_2154,false,0,0
NMV_2155,false,0,0
NMV_2156,false,0,0
NMV_2157,false,0,0
NMV_2158,false,0,1
NMV_2159,false,0,1
NMV_2160,false,0,1
NMV_2161,false,0,1
NMV_2162,false,0,1
NMV_2163,false,0,1
NMV_2164,false,0,6
NMV_2165.1,true,1,5
NMV_2166,true,1,6
NMV_2167,false,6,4
NMV_2168,false,5,4
NMV_2169,true,7,2
NMV_2170,true,6,2
NMV_2171,false,4,0
NMV_2172,false,4,0
NMV_2173,false,4,0
NMV_2174,false,4,0
NMV_2175,false,0,0
NMV_2176,false,0,0
NMV_2177,false,0,0
NMV_2178,false,0,0
NMV_2180,false,0,0
NMV_2181,false,0,0
NMV_2182,false,0,0
NMV_2183,false,0,0
NMV_2184,false,0,17
NMV_2185,false,0,17
NMV_2186,false,0,17
NMV_2187,false,0,17
NMV_2188,false,17,2
NMV_2189,false,18,0
NMV_2190,false,12,0
NMV_2191,false,2,0
NMV_2192,false,2,0
NMV_2193,false,2,0
NMV_2194,false,0,0
NMV_2195,false,0,0
NMV_2196,false,0,0
NMV_2197,false,0,0
NMV_2198,false,0,0
NMV_2199,false,0,0
NMV_2200,false,0,0
NMV_2201,false,0,0
NMV_2202,false,0,0
NMV_2203,false,0,0
NMV_2204,false,0,0
NMV_2205,false,0,0
NMV_2206,true,0,0
NMV_2207,false,0,0
NMV_2208,false,0,0
NMV_2209,true,0,0
NMV_2210,false,0,0
NMV_2211,false,0,0
NMV_2212,false,0,0
NMV_2213,true,0,0
NMV_2214,true,0,0
NMV_2215,false,0,0
NMV_2216,false,0,0
NMV_2217,false,0,0
NMV_2221,false,0,0
NMV_2222,false,0,0
NMV_2223,false,0,0
NMV_2224,false,0,0
NMV_2225,false,0,0
NMV_2226,false,0,0
NMV_2227,false,0,0
NMV_2228,false,0,0
NMV_2229,false,0,0
NMV_2230,false,0,0
NMV_2231,false,0,0
NMV_2232,false,0,1
NMV_2233,false,0,6
NMV_2234,false,0,6
NMV_2235,false,0,8
NMV_2236,false,0,14
NMV_2237,false,0,14
NMV_2239,false,6,10
NMV_2240,false,6,10
NMV_2241,false,6,10
NMV_2242,false,14,2
NMV_2244,false,10,12
NMV_2245,false,4,12
NMV_2246,false,2,12
NMV_2247,false,12,0
NMV_2248,false,12,0
NMV_2249,false,12,0
NMV_2250,false,12,0
NMV_2251,false,12,0
NMV_2252,false,8,0
NMV_2253,false,0,0
NMV_2254,false,0,0
NMV_2255,false,0,0
NMV_2256,false,0,0
NMV_2257,false,0,0
NMV_2258,false,0,0
NMV_2259,false,0,0
NMV_2260,false,0,0
NMV_2261,false,0,0
NMV_2262,false,0,0
NMV_2263,false,0,0
NMV_2264,false,0,0
NMV_2265,false,0,0
NMV_2266,false,0,0
NMV_2267,false,0,0
NMV_2268,false,0,1
NMV_2269,false,0,1
NMV_2270,false,0,1
NMV_2271,false,0,1
NMV_2272,false,0,1
NMV_2273,false,1,0
NMV_2274,false,1,0
NMV_2275,false,1,0
NMV_2276,false,1,0
NMV_2277,false,1,0
NMV_2278,false,1,0
NMV_2280,false,0,0
NMV_2281,false,0,0
NMV_2282,false,0,0
NMV_2283,false,0,0
NMV_2284,false,0,0
NMV_2285,false,0,0
NMV_2286,false,0,0
NMV_2288,false,0,0
NMV_2289,false,0,0
NMV_2290,false,0,0
NMV_2291,false,0,0
NMV_2293,true,0,0
NMV_2294,false,0,0
NMV_2295,false,0,0
NMV_2296,false,0,0
NMV_2297,false,0,0
NMV_2298,false,0,0
NMV_2299,false,0,0
NMV_2300,false,0,0
NMV_2302,false,0,0
NMV_2303,false,0,0
NMV_2304,false,0,0
NMV_2305,false,0,0
NMV_2306,false,0,0
NMV_2307,false,0,0
NMV_2308,false,0,0
NMV_2309,false,0,0
NMV_2310,false,0,0
NMV_2312,false,0,0
NMV_2313,false,0,0
NMV_2314,true,0,0
NMV_2315,false,0,0
NMV_2316,false,0,0
NMV_2317,true,0,0
NMV_2318,false,0,0
NMV_2320,false,0,0
NMV_2321,false,0,0
NMV_2322,true,0,0
NMV_2323,false,0,0
NMV_2324,false,0,0
NMV_2325,true,0,0
NMV_2326,false,0,0
NMV_2328,false,0,0
NMV_2329,true,0,0
NMV_2330,false,0,0
NMV_2331,true,0,0
NMV_2332,false,0,0
NMV_2333,false,0,0
NMV_2334,true,0,0
NMV_2335,false,0,0
NMV_2337,false,0,0
NMV_2339,true,0,0
NMV_2342,false,0,0
NMV_2343,false,0,0
NMV_2344,false,0,0
NMV_2345,false,0,0
NMV_2346,false,0,0
NMV_2347,false,0,0
NMV_2348,false,0,0
NMV_2349,false,0,3
NMV_2350,false,0,3
NMV_2351,false,3,0
NMV_2352,false,3,0
NMV_2353,false,3,0
NMV_2355,false,0,0
NMV_2356,false,0,0
NMV_2357,false,0,0
NMV_2358,false,0,0
NMV_2359,false,0,0
NMV_2360,false,0,0
NMV_2361,false,0,0
NMV_2363,true,0,0
NMV_2364,false,0,0
NMV_2365,false,0,0
NMV_2366,false,0,0
NMV_2367,false,0,0
NMV_2368,false,0,0
NMV_2369,false,0,0
NMV_2370,false,0,0
NMV_2371,false,0,0
NMV_2372,false,0,0
NMV_2373,false,0,0
NMV_2374,false,0,0
